242385419,Felix Turner,https://randomuser.me/api/portraits/men/92.jpg
64285746,Frank Lambert,https://randomuser.me/api/portraits/men/57.jpg
812397026,Todd Cook,https://randomuser.me/api/portraits/men/24.jpg
751476756,Chris Mckinney,https://randomuser.me/api/portraits/men/83.jpg
75201524,Adrian Mitchelle,https://randomuser.me/api/portraits/men/71.jpg
167426328,Frederick Chapman,https://randomuser.me/api/portraits/men/2.jpg
379503033,Steve Dean,https://randomuser.me/api/portraits/men/92.jpg
111590854,Isaiah Banks,https://randomuser.me/api/portraits/men/70.jpg
471643626,Jon Anderson,https://randomuser.me/api/portraits/men/40.jpg
787872409,Carter Carlson,https://randomuser.me/api/portraits/men/44.jpg
